"Name","Asset","Kind","Seeker","GPS","Reason","Cluster","Components"
"105mm Cannon","Aryx_ADLT_Gun105mmTank","Gun","None","No","Gun","","No projectile prefab"
"105mm Howitzer","Aryx_MC260_Chimera_Howitzer_WI","Gun","None","No","Gun","","No projectile prefab"
"12.7mm Machine Gun","Gun12.7mm","Gun","None","No","Gun","","No projectile prefab"
"12.7mm Rotary Machine Gun","Gun12.7mm_Rotary","Gun","None","No","Gun","","No projectile prefab"
"120kw Laser","Laser_EW1","Other","None","No","No supported steering seeker","","No projectile prefab"
"120mm Cannon","1509_GunNaval120","Gun","None","No","Gun","","No projectile prefab"
"127mm Cannon","1509_GunNaval127","Gun","None","No","Gun","","No projectile prefab"
"127mm Cannon","Gun127mm_Guided_Naval","Gun","None","No","Gun","","No projectile prefab"
"127mm Railgun","Aryx_MC260_Chimera_Railgun_WI","Gun","None","No","Gun","","No projectile prefab"
"130mm Cannon","Gun130mm_Tank","Gun","None","No","Gun","","No projectile prefab"
"130mm Railgun","Aryx_Railgun_130","Gun","None","No","Gun","","No projectile prefab"
"14.5mm Machine Gun","Aryx_PropAttacker1_14.5mm_info","Gun","None","No","Gun","","No projectile prefab"
"152mm Cannon","Aryx_FRCV_Artillery_152_Guided_Info","Gun","None","No","Gun","","No projectile prefab"
"155mm Cannon","Gun155mm_Guided","Gun","None","No","Gun","","No projectile prefab"
"155mm Railgun","Railgun1","Gun","None","No","Gun","","No projectile prefab"
"2000kg HE Warhead","Aryx_USV1_Warhead_Info","Gun","None","No","Gun","","No projectile prefab"
"200kW Blue Laser","Aryx_Supercarrier1_Laser_200kwBlue","Other","None","No","No supported steering seeker","","No projectile prefab"
"203mm Deck Gun","Aryx_NavalGun_203mm","Gun","None","No","Gun","","No projectile prefab"
"20kw Laser","Laser_APS1","Other","None","No","No supported steering seeker","","No projectile prefab"
"20mm Autocannon","Aryx_LightFighter1_20mm_AC_Info","Gun","None","No","Gun","","No projectile prefab"
"20mm Autocannon","Aryx_PropAttacker1_20mm_AC","Gun","None","No","Gun","","No projectile prefab"
"20mm Autocannon","Gun20mm_Pod","Gun","None","No","Gun","","No projectile prefab"
"20mm M61 Vulcan Cannon","aryx_f16m_gun_20mm_internal_500_info","Gun","None","No","Gun","","No projectile prefab"
"20mm Rotary Cannon","Gun20mm_CIWS","Gun","None","No","Gun","","No projectile prefab"
"20mm Rotary Cannon","Gun20mm_Rotary","Gun","None","No","Gun","","No projectile prefab"
"20mm Rotary Cannon","Gun20mm_Rotary_Turret","Gun","None","No","Gun","","No projectile prefab"
"20mm Rotary Cannon","info_BVR_turret_20mm_rotary","Gun","None","No","Gun","","No projectile prefab"
"20mm Rotary Cannon","P_Trisurface1_Gun20mm_info","Gun","None","No","Gun","","No projectile prefab"
"20mm Rotary Cannon (Hi-RPM)","Aryx_Interceptor1_Gun_20mm_1000rd_Internal_Info","Gun","None","No","Gun","","No projectile prefab"
"20mm Rotary Cannon (LO-RPM)","Aryx_Interceptor1_Gun_20mm_1000rd_Internal_LowRPM_Info","Gun","None","No","Gun","","No projectile prefab"
"23mm Autocannon","Gun23mm_Autocannon","Gun","None","No","Gun","","No projectile prefab"
"23mm CIWS","Aryx_MissileFrigate_S_23mmCIWS","Gun","None","No","Gun","","No projectile prefab"
"25mm Autocannon","1509_Internal 25mm","Gun","None","No","Gun","","No projectile prefab"
"25mm Autocannon","Gun25mm_Autocannon","Gun","None","No","Gun","","No projectile prefab"
"25mm Rotary Cannon","Gun25mm_Rotary","Gun","None","No","Gun","","No projectile prefab"
"27mm Autocannon","Gun27mm_Autocannon","Gun","None","No","Gun","","No projectile prefab"
"30mm Autocannon","1509_Gun30mm_Aerial","Gun","None","No","Gun","","No projectile prefab"
"30mm Autocannon","Aryx_Gunboat1_30mmAC","Gun","None","No","Gun","","No projectile prefab"
"30mm Autocannon","Aryx_LightHeli1_30mmTurret_Info","Gun","None","No","Gun","","No projectile prefab"
"30mm Autocannon","Aryx_PropAttacker1_30mmGunpod_Info","Gun","None","No","Gun","","No projectile prefab"
"30mm Autocannon","Aryx_Supercarrier1_30mmAutocannon","Gun","None","No","Gun","","No projectile prefab"
"30mm Autocannon","Aryx_SwivelGunpod30_Info","Gun","None","No","Gun","","No projectile prefab"
"30mm Cannon","Gun30mm_SPAAG","Gun","None","No","Gun","","No projectile prefab"
"30mm Chaingun","Gun30mm_Chaingun_Turret","Gun","None","No","Gun","","No projectile prefab"
"30mm Rotary Cannon","Aryx_MC260_Chimera_Rotary_Turret_WI","Gun","None","No","Gun","","No projectile prefab"
"30mm Rotary Cannon","Gun30mm_Rotary","Gun","None","No","Gun","","No projectile prefab"
"30mm Rotary Cannon","Gun30mm_Rotary_Turret","Gun","None","No","Gun","","No projectile prefab"
"35mm AA Autocannon","Aryx_MC260_35mmGun","Gun","None","No","Gun","","No projectile prefab"
"35mm Autocannon","Gun35mm_Autocannon","Gun","None","No","Gun","","No projectile prefab"
"3M22 Zircon","zircon info","Missile","OpticalSeeker","Yes","Coordinate guidance","","Missile;MissileNetworkTransform;NetworkIdentity;OpticalSeeker"
"3N22 Zircon 250kt","zircon nuke info","Missile","OpticalSeeker","Yes","Coordinate guidance","","Missile;MissileNetworkTransform;NetworkIdentity;OpticalSeeker"
"3S-RMM","1509_AAM1Gelb_info","Missile","IRSeeker","No","Seeker requires native targeting; GPS adapter unavailable","","NetworkIdentity;Missile;IRSeeker;MissileNetworkTransform"
"406mm Cannon","1509_Gun_406mm","Gun","None","No","Gun","","No projectile prefab"
"406mm Cannon","1509_Gun_406mm_N","Gun","None","No","Gun","","No projectile prefab"
"40mm Cannon","Gun40mm_Naval","Gun","None","No","Gun","","No projectile prefab"
"40mm GMG","Grenade_40mm","Gun","None","No","Gun","","No projectile prefab"
"40mm Grenade","Grenade_40mm_short","Gun","None","No","Gun","","No projectile prefab"
"57mm Cannon","Gun57mm_Aerial","Gun","None","No","Gun","","No projectile prefab"
"57mm Cannon","Gun57mm_Naval","Gun","None","No","Gun","","No projectile prefab"
"57mm Cannon","Gun57mm_Pod","Gun","None","No","Gun","","No projectile prefab"
"57mm Cannon","Gun57mm_SPAAG","Gun","None","No","Gun","","No projectile prefab"
"57mm Cannon","info_BVR_turret_57mm_BellyMount","Gun","None","No","Gun","","No projectile prefab"
"57mm Cannon","info_BVR_turret_57mm_SideMount","Gun","None","No","Gun","","No projectile prefab"
"57mm Chaingun","Aryx_MC260_Chimera_Autocannon_Turret_WI","Gun","None","No","Gun","","No projectile prefab"
"5MW Laser","Trisurface1_laser_info","Other","None","No","No supported steering seeker","","No projectile prefab"
"70mm Light AT","Gun70mm_RCL","Gun","None","No","Gun","","No projectile prefab"
"76mm Cannon","Gun76mm_Guided","Gun","None","No","Gun","","No projectile prefab"
"76mm Cannon","Gun76mm_Guided_Naval","Gun","None","No","Gun","","No projectile prefab"
"80kw Laser","Laser_APS2","Other","None","No","No supported steering seeker","","No projectile prefab"
"81mm Mortar","Aryx_Mortar_81mm_Info","Gun","None","No","Gun","","No projectile prefab"
"AAM-120C","MeridianAMRAAM_WeaponInfo","Missile","ARHSeeker","No","Seeker requires native targeting; GPS adapter unavailable","","Missile;ARHSeeker;NetworkIdentity;MissileNetworkTransform"
"AAM-29 Scythe","AAM2_info","Missile","ARHSeeker","No","Seeker requires native targeting; GPS adapter unavailable","","NetworkIdentity;Missile;ARHSeeker;MissileNetworkTransform"
"AAM-36 Scimitar","AAM4_info","Missile","ARHSeeker","No","Seeker requires native targeting; GPS adapter unavailable","","NetworkIdentity;Missile;ARHSeeker;MissileNetworkTransform"
"AAM-41 Gram","MeridianAAM41_WeaponInfo","Missile","ARHSeeker","No","Seeker requires native targeting; GPS adapter unavailable","","Missile;ARHSeeker;NetworkIdentity;MissileNetworkTransform"
"AAM-45 Sabre","Aryx_Missile_AAM45_Info","Missile","ARHSeeker","No","Seeker requires native targeting; GPS adapter unavailable","","NetworkIdentity;Missile;ARHSeeker;MissileNetworkTransform"
"AAM-54 Phoenix","MeridianAAM54_WeaponInfo","Missile","ARHSeeker","No","Seeker requires native targeting; GPS adapter unavailable","","Missile;ARHSeeker;NetworkIdentity;MissileNetworkTransform"
"AAM-63 Falchion","MeridianAAM63_WeaponInfo","Missile","ARHSeeker","No","Seeker requires native targeting; GPS adapter unavailable","","Missile;ARHSeeker;NetworkIdentity;MissileNetworkTransform"
"AAM-90 Estoc","MeridianScreamer_WeaponInfo","Missile","ARHSeeker","No","Seeker requires native targeting; GPS adapter unavailable","","Missile;ARHSeeker;NetworkIdentity;MissileNetworkTransform"
"AGM-102 Kalibr","MeridianKalibr_WeaponInfo","Missile","OpticalSeekerCruiseMissile","Yes","Coordinate guidance","","Missile;OpticalSeekerCruiseMissile;NetworkIdentity;MissileNetworkTransform;UnitCommand"
"AGM-102E Kalibr","MeridianKalibrEW_WeaponInfo","Missile","OpticalSeekerCruiseMissile","Yes","Coordinate guidance","","Missile;OpticalSeekerCruiseMissile;NetworkIdentity;MissileNetworkTransform;UnitCommand"
"AGM-111 Nemesis","Aryx_FastAShM1_Info","Missile","OpticalSeekerCruiseMissile","Yes","Coordinate guidance","","NetworkIdentity;Missile;OpticalSeekerCruiseMissile;MissileNetworkTransform;UnitCommand;TargetDetector;AryxMissileFlareDispenser"
"AGM-114A","BL_AGM_114_A_WI","Missile","LaserSeeker","No","Laser-only missile requires illumination","","NetworkIdentity;MissileNetworkTransform;Missile;LaserSeeker"
"AGM-114K","BL_AGM_114_K_WI","Missile","LaserSeeker","No","Laser-only missile requires illumination","","NetworkIdentity;MissileNetworkTransform;Missile;LaserSeeker"
"AGM-114L","BL_AGM_114_L_WI","Missile","ARHSeeker","No","Seeker requires native targeting; GPS adapter unavailable","","NetworkIdentity;MissileNetworkTransform;Missile;ARHSeeker"
"AGM-180 Blackout","WI_Blackout","Missile","OpticalSeekerCruiseMissile","Yes","Coordinate guidance","","NetworkIdentity;Missile;OpticalSeekerCruiseMissile;MissileNetworkTransform;UnitCommand"
"AGM-190A Black Arrow","MeridianBlackArrow_WeaponInfo","Missile","OpticalSeekerCruiseMissile","Yes","Coordinate guidance","","Missile;OpticalSeekerCruiseMissile;NetworkIdentity;MissileNetworkTransform;UnitCommand"
"AGM-27 Pyre","Aryx_FastAGM1_Info","Missile","OpticalSeeker","Yes","Coordinate guidance","","NetworkIdentity;Missile;MissileNetworkTransform;OpticalSeeker"
"AGM-33L","MeridianAGM33L_WeaponInfo","Missile","LaserSeeker","No","Laser-only missile requires illumination","","Missile;LaserSeeker;NetworkIdentity;MissileNetworkTransform"
"AGM-48","info_AGM1","Missile","OpticalSeeker","Yes","Coordinate guidance","","NetworkIdentity;Missile;OpticalSeeker;MissileNetworkTransform"
"AGM-57L","MeridianAGM57L_WeaponInfo","Missile","LaserSeeker","No","Laser-only missile requires illumination","","Missile;LaserSeeker;NetworkIdentity;MissileNetworkTransform"
"AGM-68","info_AGM_heavy","Missile","OpticalSeeker","Yes","Coordinate guidance","","NetworkIdentity;OpticalSeeker;Missile;MissileNetworkTransform"
"AGM-76 Atlatl","Aryx_SmallCruiseMissile1_info","Missile","OpticalSeekerCruiseMissile","Yes","Coordinate guidance","","NetworkIdentity;Missile;MissileNetworkTransform;OpticalSeekerCruiseMissile"
"AGM-84","MeridianAGM84_WeaponInfo","Missile","OpticalSeeker","Yes","Coordinate guidance","","Missile;OpticalSeeker;NetworkIdentity;MissileNetworkTransform"
"AGM-84H SLAM-ER","AGM84H_WeaponInfo","Missile","OpticalSeekerCruiseMissile","Yes","Coordinate guidance","","Missile;NetworkIdentity;OpticalSeekerCruiseMissile;MissileNetworkTransform"
"AGM-84K SLAM-ER","agm 84 info","Missile","OpticalSeekerCruiseMissile","Yes","Coordinate guidance","","Missile;MissileNetworkTransform;NetworkIdentity;OpticalSeekerCruiseMissile"
"AGM-92","MeridianAGM92_WeaponInfo","Missile","OpticalSeeker","Yes","Coordinate guidance","","Missile;OpticalSeeker;NetworkIdentity;MissileNetworkTransform"
"AGM-99","AShM2_info","Missile","OpticalSeekerCruiseMissile","Yes","Coordinate guidance","","NetworkIdentity;Missile;MissileNetworkTransform;OpticalSeekerCruiseMissile;UnitCommand"
"AGR-18 Lynchpin","info_rocket1","Other","LaserSeeker","No","Laser-only missile requires illumination","","NetworkIdentity;Missile;LaserSeeker;MissileNetworkTransform"
"AGR-24 Kingpin","info_rocket2","Other","LaserSeeker","No","Laser-only missile requires illumination","","NetworkIdentity;Missile;LaserSeeker;MissileNetworkTransform"
"AGR-31 Tenpin","Tenpin_WeaponInfo","Missile","InertialSeekerShell","No","Seeker requires native targeting; GPS adapter unavailable","","Missile;NetworkIdentity;InertialSeekerShell"
"AGR-31 Tenpin","Tenpin_WeaponInfo18","Missile","InertialSeekerShell","No","Seeker requires native targeting; GPS adapter unavailable","","Missile;NetworkIdentity;InertialSeekerShell"
"AGR-31 Tenpin","Tenpin_WeaponInfo19","Missile","InertialSeekerShell","No","Seeker requires native targeting; GPS adapter unavailable","","Missile;NetworkIdentity;InertialSeekerShell"
"AGR-37 Jester","Aryx_HeavyRocket1_info","Other","LaserSeeker","No","Laser-only missile requires illumination","","NetworkIdentity;Missile;LaserSeeker;MissileNetworkTransform"
"AGR-40 Hairpin","MeridianAGR40_Missile_WeaponInfo","Missile","IRSeeker","No","Seeker requires native targeting; GPS adapter unavailable","","NetworkIdentity;Missile;MissileNetworkTransform;IRSeeker"
"AGR-51 Strike","Tenpin_WeaponInfo_Strike","Missile","InertialSeekerShell","No","Seeker requires native targeting; GPS adapter unavailable","","Missile;NetworkIdentity;InertialSeekerShell"
"AGR-75 Sledgepin","MissilePack_AGR75Sledgepin_Info","Missile","LaserSeeker","No","Laser-only missile requires illumination","","NetworkIdentity;Missile;LaserSeeker;MissileNetworkTransform"
"AIM-120D AMRAAM","Aim 120 info","Missile","ARHSeeker","No","Seeker requires native targeting; GPS adapter unavailable","","Missile;ARHSeeker;NetworkIdentity;MissileNetworkTransform"
"AIM-160X SACM","cuda inf","Missile","ARHSeeker","No","Seeker requires native targeting; GPS adapter unavailable","","Missile;MissileNetworkTransform;NetworkIdentity;ARHSeeker"
"AIM-2000 IRIS-T","IRIS-T Info","Missile","IRSeeker","No","Seeker requires native targeting; GPS adapter unavailable","","Missile;MissileNetworkTransform;IRSeeker;NetworkIdentity"
"AIM-9M Sidewinder","Aim 9m addon info","Missile","IRSeeker","No","Seeker requires native targeting; GPS adapter unavailable","","Missile;MissileNetworkTransform;NetworkIdentity;IRSeeker"
"AIM-9X Sidewinder","aim 9x info","Missile","IRSeeker","No","Seeker requires native targeting; GPS adapter unavailable","","Missile;MissileNetworkTransform;NetworkIdentity;IRSeeker"
"AIM-9Z Sidewinder II","aim 9z info","Missile","IRSeeker","No","Seeker requires native targeting; GPS adapter unavailable","","Missile;MissileNetworkTransform;NetworkIdentity;IRSeeker"
"AIR-2 Genie","info_AIR-2_Genie","Missile","OpticalSeeker","Yes","Coordinate guidance","","NetworkIdentity;OpticalSeeker;Missile;MissileNetworkTransform"
"ALM-C450","info_CruiseMissile1","Missile","OpticalSeekerCruiseMissile","Yes","Coordinate guidance","","NetworkIdentity;Missile;OpticalSeekerCruiseMissile;MissileNetworkTransform;UnitCommand"
"ALND-4 (20kt)","info_CruiseMissile20kt","Missile","OpticalSeekerCruiseMissile","Yes","Coordinate guidance","","NetworkIdentity;Missile;OpticalSeekerCruiseMissile;MissileNetworkTransform;UnitCommand"
"AM39E Exocet","Exocet info","Missile","OpticalSeekerCruiseMissile","Yes","Coordinate guidance","","Missile;MissileNetworkTransform;NetworkIdentity;OpticalSeekerCruiseMissile"
"Apex-6","WI_Apex6_PalletDrone","Missile","OpticalSeekerCruiseMissile","Yes","Coordinate guidance","","NetworkIdentity;Missile;OpticalSeekerCruiseMissile;MissileNetworkTransform;UnitCommand"
"Apex-6 Ground","WI_Apex6_Ground","Missile","OpticalSeekerCruiseMissile","Yes","Coordinate guidance","","NetworkIdentity;Missile;OpticalSeekerCruiseMissile;MissileNetworkTransform;UnitCommand"
"Apex-8","WI_Apex6_Air","Missile","OpticalSeekerCruiseMissile","Yes","Coordinate guidance","","NetworkIdentity;Missile;OpticalSeekerCruiseMissile;MissileNetworkTransform;UnitCommand"
"Apex-8","WI_Apex8_Ground","Missile","OpticalSeekerCruiseMissile","Yes","Coordinate guidance","","NetworkIdentity;Missile;OpticalSeekerCruiseMissile;MissileNetworkTransform;UnitCommand"
"ARAD-116","ARM1_info","Missile","ARMSeeker","No","Seeker requires native targeting; GPS adapter unavailable","","NetworkIdentity;Missile;ARMSeeker;MissileNetworkTransform"
"ARAD-120","MeridianARAD200_WeaponInfo","Missile","ARMSeeker","No","Seeker requires native targeting; GPS adapter unavailable","","Missile;ARMSeeker;NetworkIdentity;MissileNetworkTransform"
"ARAD-45","ARM2_info","Missile","ARMSeeker","No","Seeker requires native targeting; GPS adapter unavailable","","NetworkIdentity;Missile;MissileNetworkTransform;ARMSeeker"
"ARAD-45","Aryx_Wep_ARM2_Info","Missile","ARMSeeker","No","Seeker requires native targeting; GPS adapter unavailable","","NetworkIdentity;Missile;MissileNetworkTransform;ARMSeeker"
"ARAD-72","MeridianARAD72_WeaponInfo","Missile","ARMSeeker","No","Seeker requires native targeting; GPS adapter unavailable","","Missile;ARMSeeker;NetworkIdentity;MissileNetworkTransform"
"ASD-16 Submunition Dispenser","Aryx_Wep_BombletDispenser_Info","Other","OpticalSeeker","No","Seeker requires native targeting; GPS adapter unavailable","","NetworkIdentity;OpticalSeeker;Missile;MissileNetworkTransform"
"AShM-140 Exocet","MeridianExocetAir_WeaponInfo","Missile","OpticalSeekerCruiseMissile","Yes","Coordinate guidance","","Missile;OpticalSeekerCruiseMissile;NetworkIdentity;MissileNetworkTransform;UnitCommand"
"AShM-300","info_AShM1","Missile","OpticalSeekerCruiseMissile","Yes","Coordinate guidance","","NetworkIdentity;Missile;OpticalSeekerCruiseMissile;MissileNetworkTransform;UnitCommand"
"AShM-500 Yashma","MeridianYashma_WeaponInfo","Missile","OpticalSeekerCruiseMissile","Yes","Coordinate guidance","","Missile;OpticalSeekerCruiseMissile;NetworkIdentity;MissileNetworkTransform;UnitCommand"
"AT-145","GTG1_info","Missile","OpticalSeeker","Yes","Coordinate guidance","","NetworkIdentity;Missile;OpticalSeeker;MissileNetworkTransform"
"ATMACA-AL","atmaca info","Missile","OpticalSeekerCruiseMissile","Yes","Coordinate guidance","","Missile;MissileNetworkTransform;NetworkIdentity;OpticalSeekerCruiseMissile"
"ATP-1","info_AGM2","Missile","OpticalSeeker","Yes","Coordinate guidance","","NetworkIdentity;Missile;OpticalSeeker;MissileNetworkTransform"
"CBO-400","Aryx_ClusterBomb1_Info","Bomb","OpticalSeekerBomb","Yes","Coordinate guidance","Native dispenser: real exposed enemy near GPS mark required","NetworkIdentity;Missile;MissileNetworkTransform;OpticalSeekerBomb;SubmunitionDispenser"
"CBO-400","Aryx_LightFighter1_ClusterBomb1_Info","Bomb","OpticalSeekerBomb","Yes","Coordinate guidance","Native dispenser: real exposed enemy near GPS mark required","NetworkIdentity;Missile;MissileNetworkTransform;OpticalSeekerBomb;SubmunitionDispenser"
"CBO-400","info_Bomb_cluster1","Bomb","OpticalSeekerBomb","Yes","Coordinate guidance","Native dispenser: real exposed enemy near GPS mark required","NetworkIdentity;Missile;MissileNetworkTransform;OpticalSeekerBomb;SubmunitionDispenser"
"CBU-82M Locust","WI_Locust","Bomb","MissileSeeker","No","No supported steering seeker","Unguided mine dispenser; native CCIP/altitude deployment","NetworkIdentity;Missile;MissileNetworkTransform;MissileSeeker"
"CBU-82S Lawn Chair","WI_LawnChair","Bomb","MissileSeeker","No","No supported steering seeker","Unguided mine dispenser; native CCIP/altitude deployment","NetworkIdentity;Missile;MissileNetworkTransform;MissileSeeker"
"Demolition Bomb","info_bomb_demolition","Bomb","OpticalSeekerBomb","Yes","Coordinate guidance","","NetworkIdentity;Missile;OpticalSeekerBomb;MissileNetworkTransform"
"Eyeball Mk.II","info_AGM_scanner1","Missile","OpticalSeeker","Yes","Coordinate guidance","","NetworkIdentity;Missile;OpticalSeeker;MissileNetworkTransform;TargetDetector"
"GBM-500LR","info_bomb_500_glide","Glide bomb","OpticalSeeker","Yes","Coordinate guidance","Native dispenser: real exposed enemy near GPS mark required","NetworkIdentity;Missile;MissileNetworkTransform;OpticalSeeker;SubmunitionDispenser"
"GBO-900","MeridianGBO900_WeaponInfo","Glide bomb","OpticalSeeker","Yes","Coordinate guidance","","Missile;OpticalSeeker;NetworkIdentity;MissileNetworkTransform"
"GBP-500 Bodkin","MeridianGBP500_WeaponInfo","Bomb","OpticalSeekerBomb","Yes","Coordinate guidance","","Missile;OpticalSeekerBomb;NetworkIdentity;MissileNetworkTransform"
"GBU-38/B JDAM (500lb)","dani_largebomb_500_info","Bomb","OpticalSeekerBomb","Yes","Coordinate guidance","","MissileNetworkTransform;Missile;OpticalSeekerBomb;NetworkIdentity"
"GPM-550X","MissilePack_GPM550X_Info","Missile","OpticalSeeker","Yes","Coordinate guidance","","NetworkIdentity;OpticalSeeker;Missile;MissileNetworkTransform"
"GPO-2P Auger","info_bomb_penetrator1","Bomb","OpticalSeekerBomb","Yes","Coordinate guidance","","NetworkIdentity;Missile;OpticalSeekerBomb;MissileNetworkTransform"
"GPO-500","info_blastFrag500","Bomb","OpticalSeekerBomb","Yes","Coordinate guidance","","NetworkIdentity;Missile;MissileNetworkTransform;OpticalSeekerBomb"
"GPO-N (1.5kt)","info_nuclearBomb1","Bomb","OpticalSeekerBomb","Yes","Coordinate guidance","","NetworkIdentity;Missile;OpticalSeekerBomb;MissileNetworkTransform;ImpactDetector"
"GPO-N (250kt)","info_nuclearBomb1_strategic","Bomb","OpticalSeekerBomb","Yes","Coordinate guidance","","NetworkIdentity;Missile;OpticalSeekerBomb;MissileNetworkTransform;ImpactDetector"
"GS25","Submunition1_info","Other","OpticalSeeker","No","Seeker requires native targeting; GPS adapter unavailable","","NetworkIdentity;OpticalSeeker;Missile;MissileNetworkTransform"
"HSM-160 Kickback","MeridianHSM160_WeaponInfo","Missile","BallisticMissileGuidance","Yes","Coordinate guidance","","Missile;BallisticMissileGuidance;NetworkIdentity;MissileNetworkTransform"
"HSM-160C Scatter","MeridianHSM160C_WeaponInfo","Missile","BallisticMissileGuidance","Yes","Coordinate guidance","Native dispenser: real exposed enemy near GPS mark required","Missile;BallisticMissileGuidance;NetworkIdentity;MissileNetworkTransform;SubmunitionDispenser"
"HSM-160M Hailstorm (20kt)","MeridianHSM160M_WeaponInfo","Missile","BallisticMissileGuidance","Yes","Coordinate guidance","Native dispenser: real exposed enemy near GPS mark required","Missile;BallisticMissileGuidance;NetworkIdentity;MissileNetworkTransform;SubmunitionDispenser"
"HSM-160N Longshot (300kt)","MeridianHSM160N_WeaponInfo","Missile","BallisticMissileGuidance","Yes","Coordinate guidance","","Missile;BallisticMissileGuidance;NetworkIdentity;MissileNetworkTransform"
"HSM-290 ""Killjoy"" (HE)","WI_Kinzhal_HE","Missile","BallisticMissileGuidance","Yes","Coordinate guidance","","NetworkIdentity;Missile;MissileNetworkTransform;BallisticMissileGuidance"
"HSM-290 ""Killjoy"" (Nuclear)","WI_Kinzhal_Nuclear","Missile","BallisticMissileGuidance","Yes","Coordinate guidance","","NetworkIdentity;Missile;MissileNetworkTransform;BallisticMissileGuidance"
"HSM-750 Starfall","Aryx_Hypersonic1_Info","Missile","AryxInertialSeeker","No","Seeker requires native targeting; GPS adapter unavailable","","NetworkIdentity;Missile;MissileNetworkTransform;AryxInertialSeeker"
"HSM-N Sunfall","Aryx_Hypersonic1_Nuke_Info","Missile","AryxInertialSeeker","No","Seeker requires native targeting; GPS adapter unavailable","","NetworkIdentity;Missile;MissileNetworkTransform;AryxInertialSeeker"
"HT-200 'Hammerhead'","TorpedoBig_info","Missile","OpticalSeekerCruiseMissile","Yes","Coordinate guidance","","NetworkIdentity;Missile;OpticalSeekerCruiseMissile;MissileNetworkTransform;UnitCommand;TorpedoIdentity;TorpedoRuntimeController"
"Hydra-70 [M247]","BL_H70_M247_WI","Bomb","InertialSeekerShell","No","Seeker requires native targeting; GPS adapter unavailable","","NetworkIdentity;MissileNetworkTransform;Missile;InertialSeekerShell"
"Hydra-70 APKWS [M247]","BL_H70_M247_APKWS_WI","Bomb","LaserSeeker","Yes","Coordinate guidance","","NetworkIdentity;MissileNetworkTransform;Missile;LaserSeeker"
"IRM-L7","MeridianIRML7_WeaponInfo","Missile","IRSeeker","No","Seeker requires native targeting; GPS adapter unavailable","","Missile;IRSeeker;NetworkIdentity;MissileNetworkTransform"
"IRM-S1","info_SAM_IR1","Missile","IRSeeker","No","Seeker requires native targeting; GPS adapter unavailable","","NetworkIdentity;Missile;IRSeeker;MissileNetworkTransform"
"IRM-S2","AAM3_info","Missile","IRSeeker","No","Seeker requires native targeting; GPS adapter unavailable","","NetworkIdentity;Missile;IRSeeker;MissileNetworkTransform"
"IRM-S5 Gladius","Aryx_SRIRM1_info","Missile","IRSeeker","No","Seeker requires native targeting; GPS adapter unavailable","","NetworkIdentity;Missile;IRSeeker;MissileNetworkTransform"
"K-30M","k30 info","Missile","IRSeeker","No","Seeker requires native targeting; GPS adapter unavailable","","Missile;MissileNetworkTransform;NetworkIdentity;IRSeeker"
"Light Machine Gun","Gun7.5mm","Gun","None","No","Gun","","No projectile prefab"
"Locust Mine","WI_LocustMine","Bomb","MissileSeeker","No","No supported steering seeker","","NetworkIdentity;Missile;MissileNetworkTransform;MissileSeeker"
"MBDA Brimstone","Brimstone Info","Missile","OpticalSeeker","Yes","Coordinate guidance","","NetworkIdentity;MissileNetworkTransform;Missile;OpticalSeeker"
"MBDA METEOR","METEOR info","Missile","ARHSeeker","No","Seeker requires native targeting; GPS adapter unavailable","","Missile;NetworkIdentity;MissileNetworkTransform;ARHSeeker"
"MK-88 Hydra","MissilePack_MK54_Info","Glide bomb","OpticalSeeker","Yes","Coordinate guidance","","NetworkIdentity;OpticalSeeker;Missile;MissileNetworkTransform"
"MLRS Rocket","info_rocket_MLRS1","Other","InertialSeekerShell","No","Seeker requires native targeting; GPS adapter unavailable","","NetworkIdentity;Missile;MissileNetworkTransform;InertialSeekerShell"
"MMR-S3","AAM1_info","Missile","IRSeeker","No","Seeker requires native targeting; GPS adapter unavailable","","NetworkIdentity;Missile;IRSeeker;MissileNetworkTransform"
"MRM-S4 Broadsword","Aryx_LRIRM1_info","Missile","IRSeeker","No","Seeker requires native targeting; GPS adapter unavailable","","NetworkIdentity;Missile;IRSeeker;MissileNetworkTransform"
"MW-220","k_MW_info","Missile","OpticalSeeker","Yes","Coordinate guidance","","NetworkIdentity;Missile;MissileNetworkTransform;OpticalSeeker"
"NAAM-432 Caldera","NAAM_1_weapon_info","Missile","ARHSeeker","No","Seeker requires native targeting; GPS adapter unavailable","","NetworkIdentity;Missile;ARHSeeker;MissileNetworkTransform"
"NL-98","ARH1_info","Missile","ARHSeeker","No","Seeker requires native targeting; GPS adapter unavailable","","NetworkIdentity;Missile;ARHSeeker;MissileNetworkTransform"
"NT-2 'Megalodon' (20kt)","Torpedo20kt_info","Missile","OpticalSeekerCruiseMissile","Yes","Coordinate guidance","","NetworkIdentity;Missile;OpticalSeekerCruiseMissile;MissileNetworkTransform;UnitCommand;TorpedoIdentity;TorpedoRuntimeController"
"PAB-125","info_bomb_125_1","Bomb","OpticalSeekerBomb","Yes","Coordinate guidance","","NetworkIdentity;Missile;OpticalSeekerBomb;MissileNetworkTransform"
"PAB-125HD","info_bomb_125_HD","Bomb","OpticalSeekerBomb","Yes","Coordinate guidance","","NetworkIdentity;Missile;MissileNetworkTransform;OpticalSeekerBomb"
"PAB-250","info_bomb_250_1","Bomb","OpticalSeekerBomb","Yes","Coordinate guidance","","NetworkIdentity;Missile;OpticalSeekerBomb;MissileNetworkTransform"
"PAB-250LR","info_bomb_250_glide","Glide bomb","OpticalSeeker","Yes","Coordinate guidance","","NetworkIdentity;Missile;MissileNetworkTransform;OpticalSeeker"
"PAB-3000LR","Aryx_Wep_GlideBomb_3000_info","Glide bomb","OpticalSeeker","Yes","Coordinate guidance","","NetworkIdentity;OpticalSeeker;Missile;MissileNetworkTransform"
"PAB-80LR","info_bomb_glide1","Glide bomb","OpticalSeeker","Yes","Coordinate guidance","","NetworkIdentity;OpticalSeeker;Missile;MissileNetworkTransform"
"PGM-400LR","Aryx_GlideBomb400_Info","Glide bomb","OpticalSeeker","Yes","Coordinate guidance","","NetworkIdentity;Missile;MissileNetworkTransform;OpticalSeeker"
"Piledriver QBM (MWC)","k_TBM_MWC_info","Missile","OpticalSeeker","Yes","Coordinate guidance","Native dispenser: real exposed enemy near GPS mark required","NetworkIdentity;Missile;MissileNetworkTransform;OpticalSeeker;SubmunitionDispenser"
"Piledriver TBM","ballisticMissile1_info","Missile","BallisticMissileGuidance","Yes","Coordinate guidance","","NetworkIdentity;Missile;MissileNetworkTransform;BallisticMissileGuidance"
"Piledriver TBM (20kt)","ballisticMissile1_tacNuke_info","Missile","BallisticMissileGuidance","Yes","Coordinate guidance","","NetworkIdentity;Missile;MissileNetworkTransform;BallisticMissileGuidance"
"PL-15E","PL15_WeaponInfo","Missile","ARHSeeker","No","Seeker requires native targeting; GPS adapter unavailable","","Missile;NetworkIdentity;ARHSeeker;MissileNetworkTransform"
"PL-17","PL17_WeaponInfo","Missile","ARHSeeker","No","Seeker requires native targeting; GPS adapter unavailable","","Missile;NetworkIdentity;MissileNetworkTransform;ARHSeeker"
"R-100N Zenith","Aryx_HASAM1_info","Missile","AryxABMSeeker","No","Seeker requires native targeting; GPS adapter unavailable","","NetworkIdentity;Missile;MissileNetworkTransform;AryxABMSeeker;AryxAttitudeControlMotor"
"R-27ER","R27 info","Missile","SARHSeeker","No","Seeker requires native targeting; GPS adapter unavailable","","Missile;MissileNetworkTransform;NetworkIdentity;SARHSeeker"
"R-460 Poseidon","WI_R460_Poseidon","Missile","OpticalSeekerCruiseMissile","Yes","Coordinate guidance","","NetworkIdentity;Missile;OpticalSeekerCruiseMissile;MissileNetworkTransform;UnitCommand"
"R-460 Poseidon","WI_R460_Poseidon_TEL","Missile","OpticalSeekerCruiseMissile","Yes","Coordinate guidance","","NetworkIdentity;Missile;OpticalSeekerCruiseMissile;MissileNetworkTransform;UnitCommand"
"R-460N Poseidon (1.5 kt)","WI_R460_Poseidon_Nuclear","Missile","OpticalSeekerCruiseMissile","Yes","Coordinate guidance","","NetworkIdentity;Missile;OpticalSeekerCruiseMissile;MissileNetworkTransform;UnitCommand"
"RAM-45","info_SAM_Radar1","Missile","SARHSeeker","No","Seeker requires native targeting; GPS adapter unavailable","","NetworkIdentity;Missile;SARHSeeker;MissileNetworkTransform"
"RGM-68","1509_Info_ShipAGM","Missile","OpticalSeeker","Yes","Coordinate guidance","","NetworkIdentity;OpticalSeeker;Missile;MissileNetworkTransform"
"SAM-85 Whirlwind","Aryx_Supercarrier1_SAM_R85_Info","Missile","SARHSeeker","No","Seeker requires native targeting; GPS adapter unavailable","","NetworkIdentity;Missile;SARHSeeker;MissileNetworkTransform"
"SCT-350 'Mako'","TorpedoFast_info","Missile","OpticalSeekerCruiseMissile","Yes","Coordinate guidance","","NetworkIdentity;Missile;OpticalSeekerCruiseMissile;MissileNetworkTransform;UnitCommand;TorpedoIdentity;TorpedoRuntimeController"
"SD-6 Needle","MeridianSD6Needle_Encyclopedia_info","Other","OpticalSeeker","No","Seeker requires native targeting; GPS adapter unavailable","","NetworkIdentity;OpticalSeeker;Missile;MissileNetworkTransform"
"SD-6N Needle","MeridianSD6NNeedle_Encyclopedia_info","Other","OpticalSeeker","No","Seeker requires native targeting; GPS adapter unavailable","","NetworkIdentity;OpticalSeeker;Missile;MissileNetworkTransform"
"Shahed-136","Shahed136_WeaponInfo","Missile","OpticalSeekerCruiseMissile","Yes","Coordinate guidance","","Missile;NetworkIdentity;OpticalSeekerCruiseMissile;MissileNetworkTransform"
"SLND-9 (20kt)","Aryx_Navex_SLND_Info","Missile","OpticalSeekerCruiseMissile","Yes","Coordinate guidance","","NetworkIdentity;Missile;OpticalSeekerCruiseMissile;MissileNetworkTransform;UnitCommand"
"SRM-20 Merlin","MeridianSRM20_WeaponInfo","Missile","IRSeeker","No","Seeker requires native targeting; GPS adapter unavailable","","Missile;IRSeeker;NetworkIdentity;MissileNetworkTransform"
"SRM-8 Kukri","MeridianSRM8_WeaponInfo","Missile","IRSeeker","No","Seeker requires native targeting; GPS adapter unavailable","","Missile;IRSeeker;NetworkIdentity;MissileNetworkTransform"
"StormX Shadow","storm info","Missile","OpticalSeekerCruiseMissile","Yes","Coordinate guidance","","Missile;MissileNetworkTransform;NetworkIdentity;OpticalSeekerCruiseMissile"
"StratoLance R9","info_SAM_Radar2","Missile","SARHSeeker","No","Seeker requires native targeting; GPS adapter unavailable","","NetworkIdentity;Missile;SARHSeeker;MissileNetworkTransform"
"Tusko-B (HE)","AShM3_info","Missile","OpticalSeeker","Yes","Coordinate guidance","","NetworkIdentity;OpticalSeeker;Missile;MissileNetworkTransform"
"Tusko-N (1.5kt)","Aryx_Wep_TuskoN_info","Missile","OpticalSeeker","Yes","Coordinate guidance","","NetworkIdentity;OpticalSeeker;Missile;MissileNetworkTransform"
"Type-88 'Lemon'","TorpedoLight_info","Missile","OpticalSeekerCruiseMissile","Yes","Coordinate guidance","","NetworkIdentity;Missile;MissileNetworkTransform;OpticalSeekerCruiseMissile;UnitCommand;TorpedoIdentity;TorpedoRuntimeController"
"X-77 Warewind","MissilePack_X77_Info","Missile","ARHSeeker","No","Seeker requires native targeting; GPS adapter unavailable","","NetworkIdentity;Missile;ARHSeeker;MissileNetworkTransform"
"YJ-18E","YJ18_WeaponInfo","Missile","OpticalSeekerCruiseMissile","Yes","Coordinate guidance","","NetworkIdentity;Missile;OpticalSeekerCruiseMissile;MissileNetworkTransform"
"YJ-20 ASBM","YJ20_WeaponInfo","Missile","YJ20Seeker","No","Seeker requires native targeting; GPS adapter unavailable","","Missile;NetworkIdentity;MissileNetworkTransform;YJ20Seeker"
"Zhdan Sensor Mine","WI_ZhdanMine","Bomb","MissileSeeker","No","No supported steering seeker","","NetworkIdentity;Missile;MissileNetworkTransform;MissileSeeker"
